Hardness,Target
203.76341901680877,1
158.0449703156747,1
214.63357474324985,1
277.6581496613778,0
151.14095701991982,1
151.142139099659,1
281.70332271653217,1
223.25530049900942,1
134.19784421268344,1
207.06432313818945,1
134.6339261175027,0
134.46745774294152,0
185.42128355275446,1
30.24382238463855,0
43.805916059061644,0
127.51529789464996,1
95.07615933592149,0
190.6258079468597,1
102.62226656247282,0
66.31413350385901,0
273.5267113623519,1
151.74410636496944,1
172.86203073753052,1
65.41813059263112,1
128.80444383418686,0
175.98642645911036,1
85.1284624255942,0
195.0502573208884,1
124.75401432584604,0
146.9980500148841,1
124.67712391948342,0
301.3640292846435,1
167.02819981886876,1
91.84481311517517,1
227.22323367142963,0
80.09925720208639,0
183.0381788403424,0
26.90375108065615,0
72.370604479313,0
182.17400898257688,1
221.16959375966957,0
180.33851624567788,1
159.6733236680467,1
146.3205339175712,0
61.546416693545225,0
116.17121699558098,0
134.83400849089531,1
244.11280028776193,1
192.74051684892922,1
41.06110881388315,0
191.33404579642524,0
140.2740758100252,0
119.26161597797096,0
212.0406927965425,1
242.23196561970846,1
235.05216857636628,1
107.57633832797003,0
145.73670893871255,0
191.8509670610566,1
238.23924915280986,1
133.49945487513912,0
154.63255368020518,1
88.34388187156597,0
81.87312306619171,0
226.50185921238227,1
265.64928205709924,1
162.81527124621596,1
240.25436864822575,1
194.03779380342965,1
121.55137766843106,0
194.0204835966058,1
278.7386327855498,1
165.4205251840835,1
280.65434321860846,1
0.0,0
227.17698031501612,1
174.26738891314832,1
146.47147076645754,0
174.60677591055617,0
24.895038148735722,1
152.18362407569913,0
193.71210514884575,1
274.4083712213892,1
130.68454428429737,0
109.7884605916905,1
131.87349286191338,0
233.90895247454932,1
191.67007989549728,1
129.85726532877322,0
204.95525518416164,1
174.9895835530589,1
237.74243931836804,1
117.45217724083062,0
144.4083254449607,0
139.76821297448464,0
62.62692373448746,0
189.32065994864948,1
186.79597959695204,1
168.3681688782572,1
151.10972639698943,1
66.09330657237018,0
137.71353676089416,0
143.32455481007258,0
110.23603661604344,0
156.38742876004733,1
197.09166169064676,1
303.8053848871582,1
180.5696025238924,0
186.54362813203903,1
162.63989406483597,1
29.84847249846902,0
166.09100096765638,1
172.3365751157539,1
345.35343209894063,1
154.15001053575918,1
189.7114086480201,1
165.50075258122249,0
83.85518129139369,0
250.2832426450815,1
222.13917835344773,1
224.95430018709936,1
102.5241032547788,0
269.0011903873991,1
67.06672347895578,0
210.25371075361946,1
325.71280505831845,0
96.68138459059044,0
127.22656346860043,0
175.17489828631017,1
131.74975290363366,1
56.35223296323845,0
172.93653418603398,1
91.51413261172044,0
202.09865500573306,0
101.80145513516618,0
279.59527716126286,1
111.60576295179092,0
144.81157083319135,0
226.57323965061622,1
79.37776921675523,0
184.37711529149732,1
262.1142783083348,1
52.26120711159162,0
181.2936378143259,1
186.7115611858865,1
224.29124676796636,0
78.9395488167781,0
72.9271238579321,0
205.57979272441662,1
189.3828964727894,1
186.0354852249031,1
192.94427108378224,1
119.03822004634867,0
184.72226619559225,1
189.10121807750505,1
116.56669790210151,0
302.33576480242243,1
202.11597030564872,1
82.2261482014093,0
215.27185982163576,1
97.82291974363285,0
224.67009146945654,1
251.41888168853308,1
108.91087307867684,0
237.36308130559115,0
197.7202267394279,1
227.18833151960328,1
304.5690947510842,0
150.3320556477933,0
113.73099616626075,0
103.95496106696233,0
109.26165948248844,1
162.4486769221845,0
192.56294218679835,1
187.92173755176137,1
227.5571939305937,1
168.9361362152093,1
272.6544535553268,1
148.94470800686716,0
363.85217999445257,1
213.04804903908044,1
106.28465593802765,0
90.89574013959991,0
202.73801389750935,1
151.91067945653873,1
219.40803557463062,1
202.07310896929522,1
162.75631828870516,1
107.03085229907484,0
58.93099982261775,0
135.85092345117448,0
229.66071319129,1
183.4147495773747,1
78.30680793273686,0
180.4690266612851,1
195.74285134047625,1
104.36226459351843,0
179.068207628078,1
172.191027728112,1
85.70613855619514,0
193.7606899450764,1
208.37648589851287,1
245.97968950861994,1
243.873747746513,1
68.80780550708944,0
100.47659712611116,0
205.0825392390235,1
204.99258846567903,1
205.08343341403545,1
445.39666732713994,1
209.10411676990802,1
249.76072609300311,1
236.68812697151057,1
214.90017009401745,1
145.30061438589513,0
222.64578387551526,1
112.35658455329482,0
150.94906031471936,1
133.05382455630456,0
173.89493803581522,1
334.6554168004926,1
33.556906133394136,0
217.41073370696498,1
51.88445727434508,0
134.0209056631608,0
246.40444298165036,1
172.62816137487332,1
90.40237598908996,0
116.49813293328228,0
216.93103792329666,1
115.41360251636615,1
183.58501844990218,1
171.2811724730746,1
121.08477497238117,0
322.36397443142346,1
213.6421696068968,1
22.189733760652274,0
181.4247106633988,1
120.35137453667606,0
229.37520010532813,0
110.93850683284555,1
159.73897621438329,1
204.35908408659293,0
230.33437398024876,1
81.57865869198412,0
143.91591101945173,0
133.80393759641115,0
120.96029525469274,0
295.112705300239,0
197.1586831891888,1
77.21635528787675,0
234.08606018794387,1
320.7952461849096,1
242.33749875968257,1
58.60536245131104,0
133.1351467536299,0
259.21760274143685,0
117.04779847544779,0
199.95499882652845,0
223.77365184691223,1
101.26100604637803,0
163.7141743635504,1
0.0,1
94.24408982393113,0
149.81509309969246,0
78.15961089853084,0
285.53361388307775,1
65.02982078683445,0
136.31679695781716,0
177.41332156459856,1
271.77167681276035,1
64.61792511508037,0
251.74779015515708,1
168.73678039341027,1
97.33137712454753,0
201.2714501469555,1
182.33229808128985,1
124.78438484456677,0
173.02575011928135,1
140.25742102595328,1
176.17324885808986,1
215.67340856551536,1
282.19321076246536,1
78.87728408446687,0
321.5784029752512,0
27.449678434379877,0
157.071473157438,1
210.35883886688953,1
188.23141447692234,1
123.16563457291724,0
153.0151979742762,0
132.50393270456402,0
125.56573750001677,0
229.17135098551378,1
193.7051149894834,1
118.1105091412329,0
232.77119103119406,0
190.12556550311587,0
226.52607255640513,1
213.33327661850007,1
108.31235921361079,0
127.66696510581819,0
221.80513956887484,1
211.94665911120947,1
166.49508523458132,1
176.44757159823232,1
259.9918724967666,1
125.40686000382024,0
207.39101144424274,1
153.44212902475962,1
152.32695336764013,1
247.11193334307768,1
227.42997712713816,1
226.57269379204598,1
261.9944741151117,1
169.51227659755864,0
217.1006139332374,1
145.66079352527117,0
191.33997737916783,1
158.6297000855267,0
174.98370947947572,1
210.85130583145778,1
109.08811080718998,0
318.6518838493531,1
95.56674853202145,0
80.57841987928329,0
251.3839828920049,1
224.99971396533138,1
212.93662682775516,1
213.24087666702815,1
167.11823235502214,1
103.39768525302013,1
173.4579281899483,1
119.24435677112797,0
238.2086208060781,1
157.411868531846,1
108.56420183093917,0
144.86021940098448,0
197.73106470784495,1
127.41183219811381,0
108.80013151921693,0
185.54547922741767,1
185.63759311982804,1
131.50009137327865,1
134.08524199548077,0
184.70759548974982,1
63.73792741219266,1
66.66260824488802,0
116.27201606982462,0
152.63180507674699,1
190.38534472305633,1
274.22564762036774,0
229.7514928705454,0
156.48442584263324,1
166.6308330310064,1
95.81788574607776,0
166.66705420854794,1
147.21657799775005,0
191.23573634434246,1
108.43937206423274,0
205.3929490253644,1
278.35720173618563,1
160.16926931110626,1
196.9232439911238,1
217.6903674032001,1
139.11212602421978,0
184.13465869035002,1
168.90665285628924,1
175.03267909551587,1
112.34329556240641,0
169.76473254664387,1
203.85587696967238,0
272.482339761243,1
237.0674994781349,1
323.029136940832,1
112.75097547206043,0
230.80708584388884,1
181.20062441316134,1
325.6658111916724,1
109.80252345442909,0
107.54002736298412,0
124.84372952803041,0
15.079507849693897,0
130.1456384389852,0
113.34244836813374,0
178.82835262628694,1
192.60643025595547,1
303.0843004235438,1
236.43051634939562,0
126.46293679230698,0
103.31414366291823,0
203.4181803484684,1
72.94320909451376,0
299.86503114151344,1
252.91968869193266,1
134.21935304846124,0
44.65431390545682,0
265.47881093990975,1
159.7531311418115,1
257.12277446208924,1
53.201208566805576,0
124.84499834732836,1
168.3775463797092,1
171.38260275106143,1
135.59528605349445,0
212.8451951290199,1
91.1313290844532,0
157.74867707846687,1
176.6612854832567,1
205.03959605222994,0
219.23627122240006,0
87.02576938767342,0
57.5437797070352,0
259.99273117669264,1
191.9266088625306,1
114.10896936792814,0
279.68294223762166,0
176.3285736690858,1
252.9093972525955,1
172.86133066152786,1
316.37385059150307,1
294.3845406559107,1
150.0745813095067,0
237.9531084687136,1
214.46706837013062,1
266.5414721423291,1
98.52551083823248,1
217.39570511988762,1
244.20656305317033,1
41.37075697753578,0
82.8053870880642,0
21.175283201272748,0
148.60270791999184,0
219.66304241730927,1
276.16970775091403,1
173.3348241902238,1
285.260319281133,1
68.63269500852782,0
45.35646436642887,0
164.00056567944344,1
195.6527123236301,1
165.64597813722528,1
19.144168797128884,0
161.58335715507923,1
74.07819596365057,0
216.21642351576276,1
194.39507371897307,1
100.32865538443042,1
131.00158195175806,0
91.73662642399549,0
163.48710499633162,1
236.77024707608916,1
97.02772466384086,0
204.2913491172848,0
129.82145147718427,0
110.91315607711121,0
160.29381408327183,1
93.46255278580506,0
128.1372500150029,0
81.7527917336029,0
309.46020956998007,1
170.53897574196446,1
117.61976342453383,0
183.40655357286397,1
159.91238042226024,1
152.09018883360795,0
212.2200024031266,1
222.54055512340597,1
129.803917372042,0
126.54108667358304,0
148.19627780508162,0
2.2616761390378883,0
58.90624352170424,1
266.4149472560058,0
286.43767537209243,1
150.06940515194077,0
209.5121013400152,1
190.4100111271346,1
389.6794182087771,1
248.60939362328952,1
158.7899334133848,1
99.20108827676934,0
52.33586494145479,1
182.64938178244006,1
113.54274633953017,0
65.59773290896746,0
121.44675233453809,1
90.12854373976356,0
289.47419772522466,1
231.47806250036044,1
167.42596982520354,1
274.55597800008184,0
173.57051815062852,1
105.98753750436501,0
277.66493356341533,1
206.80152314529542,1
93.31827688849513,0
154.2956151779802,1
104.95548575629749,0
68.4384193705678,0
234.68478342227817,1
305.47799811384937,1
67.30313468502183,0
208.5337850417211,1
121.15373502322846,0
132.92697236894188,0
125.34763745480143,0
105.79266458305324,0
171.49355721202755,1
108.17159161840527,0
187.4728914561484,1
164.38285611966214,1
150.7957406256185,1
102.65541633300495,0
126.47246419908004,0
222.38816825945443,1
204.06603750895542,1
97.61602237450433,0
175.15192599090426,1
222.0998728827688,1
47.80281975926124,0
207.12193385135532,1
120.29108935589903,0
209.08310413870748,1
113.04534072893878,0
38.04848875215464,0
50.81694447241229,0
171.4621161596195,1
186.7000201239467,1
102.88920299248258,0
213.97865703197093,0
48.370555516634894,0
163.24225449739322,1
80.80683361710312,0
121.06780023824453,0
171.4127043347818,1
106.05023769955542,0
140.31200081545256,0
240.4530822634397,0
126.46378539433329,0
228.1698320686902,1
86.6611064646515,0
206.14590080990035,0
271.79294068736885,1
0.0,0
110.62354160612567,0
209.54919315699888,1
153.38073220490452,0
194.72250288273423,1
124.51306655646093,0
174.23446469804878,1
156.79123905177028,1
252.08030843950613,1
186.31830071768735,1
192.30739166941456,1
138.34485843918236,1
132.89235186678047,0
136.8558104769873,0
196.40055425123737,1
137.68911738094107,0
188.86378969654174,1
317.4288575024716,1
230.72097864708184,1
144.52630568391544,0
254.48740239580403,1
138.6185731424483,0
21.255033467194522,0
95.4177856139469,0
33.302981686138395,0
142.69102914902578,0
169.32612330164773,1
288.70348648382037,1
191.5387709110197,1
152.22476192576178,1
227.7172018452112,1
8.79825775143226,0
184.96424818381675,1
223.50229395986162,1
61.541790303851414,0
250.3502911108989,1
192.3717413395978,1
138.0992701991423,0
213.56029435965252,1
331.4898857619165,1
181.09437036421164,1
185.8718822136242,1
134.92601523310242,0
106.81120539853498,0
227.7841787911857,1
106.36196453456157,0
173.15276907979626,1
133.6086638329116,0
202.48654745374023,1
192.02367158066028,1
242.70287598656876,1
131.27881928245822,0
148.56900465887728,0
97.52901246367387,0
136.01088527451998,0
195.16563549922935,1
222.50318039846533,1
101.60409665921097,0
230.61162624760755,1
265.60592583395646,1
197.76731303210647,1
303.1292985041807,1
112.28717766454274,0
78.38486136157798,0
39.93214207889193,1
275.71519042722116,1
215.11432725749216,1
163.99790369444725,1
188.15774109502706,1
86.96478859451689,0
344.0941425324115,1
177.30392510221637,1
175.8764252115523,1
220.25519692070583,1
202.63266468504335,1
184.11964974809746,1
111.08583920793754,0
201.9457217137917,1
303.50576374620243,1
264.8702433231584,1
282.7094371180366,0
131.19247129695466,1
96.74845294138218,1
158.94334175282535,1
172.012193684786,1
246.7817893299083,1
46.142546660533,0
278.1276230011642,1
156.62343130231275,1
137.26456296378575,0
95.12848498126795,0
48.85031962566461,0
227.26828204525785,1
173.2788936375651,1
75.12281521864412,0
74.75432841141964,0
143.82350165111077,0
288.1695498208363,0
149.30942270182047,1
59.77370737549636,0
150.306499385812,1
148.36390297816772,0
0.0,1
164.09076961071753,1
151.3727138249752,1
218.12685826656613,1
301.12483883606484,1
249.11268212743852,1
148.64001428005218,0
88.33013457059974,1
353.28190583399,1
172.26372724904314,0
169.00290901773212,1
166.26299372807978,1
182.26210277528554,1
157.60605034147613,1
126.696335504623,0
128.62615623069178,0
165.6417645444481,0
128.87341647836894,0
116.67510364724416,0
175.66297639381656,0
149.64164034569842,0
276.2874951779536,1
0.0,0
246.58849333841727,0
257.7181338598293,1
18.715903266613225,0
143.3264932262149,0
141.256257648303,0
66.65915798031688,0
111.99719849345698,1
88.03853912646034,0
294.16347192650085,1
235.3688443066172,1
259.55196683957945,1
219.96038861111293,1
86.7082724723595,0
130.23454082785628,0
203.2349684084101,1
80.00679775977993,0
219.33588697241194,1
150.69657133261427,0
141.01290185642898,0
219.18911771065137,1
199.98695842699487,1
142.01043606102624,0
251.47174584222586,0
90.16344041280739,0
212.347363699987,1
210.70329057372362,1
145.7126563693927,0
191.4815776014325,0
77.91982250025819,0
234.52994538289687,1
154.6870461761048,1
130.36394252262915,0
243.52866426025602,1
117.28725428092133,0
66.5907866618237,0
55.92269950627893,0
211.63271649688605,0
75.80908662026762,0
294.3451811028742,1
18.101082632372027,0
290.1448585168828,0
183.19325763858853,1
161.03665594533174,0
128.7658257497556,0
196.7378002333491,1
165.29030142541092,0
247.43773550518955,1
176.22439070366684,1
178.82172682525518,1
141.81992072060237,0
163.89991509208315,1
190.16172736022827,1
44.867875728722964,0
70.93064960838866,0
221.51501476963548,1
180.3023115452118,1
154.7531997826071,1
169.3272431807083,1
193.0258827860403,1
129.13730301772597,0
111.9620597710335,0
182.10085836703308,1
97.5571600117177,0
197.39419841144198,1
45.41398049487549,0
242.09920588744635,0
202.0270187337391,1
186.43414087059904,1
238.753750844077,1
287.9141600013055,0
241.0346446813054,1
35.45705534412153,0
75.87045839502949,0
123.01306240591111,1
169.87855561518003,1
205.27144947377687,1
115.74644545295047,0
181.44720704234965,1
113.61242887056078,0
123.97071818457972,1
66.720401026928,0
101.5272062800149,0
70.67870839562397,0
97.73712578563205,0
243.86220935576443,1
99.6432800041001,0
357.53150866829213,1
203.51888886342402,1
181.30820090603092,1
106.19823982695263,0
218.4223113174474,1
126.55407651088028,0
176.78470665446602,0
352.32608675535323,1
161.0836872198252,0
250.74767949256866,1
117.3712973909361,0
165.48082868421875,1
295.4976457657567,1
122.85837183928075,0
298.49629617577887,1
218.95813935279423,1
127.50239213561272,0
213.5333572119975,1
238.02392037312455,0
212.77031727963814,1
54.94382016788714,0
115.64612334060946,0
150.17865824029167,1
162.64079310479667,1
212.68839102364882,1
180.79447206719428,1
71.85520617287271,0
195.37424527242936,1
211.96217366043527,1
208.30491225103486,1
245.81621223993278,1
228.0423951275211,1
201.06096570444743,1
162.9480687749774,1
48.41081278684862,0
198.93251177754618,1
182.953513475744,0
187.5536762780669,1
76.07410254093772,0
90.16392909060511,1
243.82700543996907,1
165.15202892232082,1
217.06805021082897,1
170.0389230813932,0
170.14244204369365,1
235.55643403027182,1
130.84477956834908,0
174.9206959397508,1
134.71617921323696,0
136.7162716248733,0
145.73960711025796,0
183.99363155762734,1
133.53009924022962,0
258.4144410412935,1
103.58827424019572,0
154.54524162038214,0
136.3393638042594,1
272.1824076734688,1
182.15194390883337,1
242.2928068417417,1
61.03965314133802,0
187.22761914258663,1
232.05341728488747,1
173.92444722783054,1
244.7145870047053,1
130.7552315927732,0
269.47301569336173,1
333.520664900586,1
141.87562364834454,0
135.92381845914443,0
272.64368235247446,1
281.72919449261127,1
130.3540780449647,0
137.74654916909827,0
147.7115081620435,0
71.19956320553206,0
101.85705985313773,0
95.70186479385112,0
112.71857531250275,0
165.50268810815174,1
184.86346074262948,1
279.6360354826135,1
96.11850906680705,0
238.87121269031402,1
152.59280321576335,1
164.43861290502483,1
216.58700343599548,1
87.1640144475145,0
195.53350172525165,1
179.98455899134004,0
203.45649100858674,1
188.8201423613629,1
344.7816100735844,1
122.08272113390525,0
129.76821923986913,0
123.13388209741697,0
128.00564742046166,0
122.10812683393073,0
253.60919023974373,1
270.2763058552696,0
126.90626685003771,0
108.07039873649553,1
201.9419200598211,1
128.23994081177005,0
213.57109087839677,1
182.61045750129358,1
58.86642372019929,0
279.42037449576446,1
297.3031924628776,1
123.87921428512419,0
140.08548768460915,0
188.58230813219316,1
192.0808888790658,1
215.4151876324438,1
312.7347267911772,1
155.25979962042845,1
110.52259839323133,0
68.68901558295404,0
115.37303712418182,0
165.6148579530866,1
297.2081661732807,1
130.73198646939565,0
184.11273251800068,1
166.81755148276184,1
253.56431568826204,0
349.93913466290076,1
129.77744834973691,1
132.76036013868801,0
243.17958314897317,1
217.09618725309443,1
300.96292745299445,1
210.0428293434694,1
142.13096946333172,0
210.52714780984627,1
247.82665780196936,1
227.0747170462102,1
204.52373023972544,1
244.8005776504191,1
252.18928251208843,1
267.51544735470196,1
214.70711190645426,1
155.9674982171865,1
178.56338542319924,1
254.86864558860168,1
109.180631688919,1
194.54447823884888,1
139.67960551243004,0
170.06962725130685,1
260.0485341077255,1
181.75913289743303,1
171.3434314672427,1
70.09035784944581,0
221.7302567539599,0
214.47486104215744,1
323.7543400779931,1
145.83996708338395,0
183.77882359180362,1
185.95562522717438,1
281.5766361429702,0
161.13872166813945,1
188.08954985546444,1
211.76854869959084,1
181.43585686725777,1
135.85677975236197,0
181.97447948867816,1
245.3014859899036,1
94.09089844240367,0
177.57381653857507,0
117.59130132437953,0
254.04335728258866,1
58.330542855568225,1
127.75762699644564,0
195.1592550046455,1
280.71773010487254,1
163.26598120274488,1
128.02563407808972,0
303.4433089997225,1
63.74299917003043,0
9.685971123354108,0
199.68104040383994,1
131.852095846612,0
94.47123716658865,0
219.00166420555342,1
185.55365139152633,1
127.38633858695556,0
75.8180832956956,0
230.81692763617042,1
214.8144848130236,1
160.85933780788443,1
300.9578637154319,0
90.95389682451702,0
58.1621876934188,0
118.1826189685504,0
164.71780682240416,1
185.52044035123382,1
150.63100383434426,1
193.34798854902937,1
77.88916145828803,0
271.9510514932747,0
162.08511515573505,1
248.44529987434518,1
192.6762249391947,1
200.88623177907243,1
209.0232441767187,1
200.2350163212467,0
214.27603871046315,1
263.69898216953504,0
182.14952421850586,1
219.0482705463729,1
161.53903001131968,1
271.68843951236204,1
119.29975425173258,0
297.66771116957875,1
165.10862755360728,0
64.98419264750054,0
177.22351787357684,1
118.96428066180857,0
228.52633552718814,1
121.01107349022786,0
135.87479280853586,0
31.953067371921776,0
135.43394501406647,0
0.0,0
53.95899670902793,0
222.7498552423894,1
224.57761142285992,1
198.63294444851746,1
98.37771769469667,0
164.56478235777746,1
167.74061718547907,1
84.59774237813693,0
276.24467772723483,0
231.17008492144834,1
152.0905794842642,0
169.93578040760622,1
183.00356217222378,1
20.99508947345106,0
150.20322845851703,1
118.89713414415851,0
95.88335928756608,1
147.76077891221124,0
297.4334299331656,1
214.14068601122472,0
126.87511273563862,1
209.2259602576434,1
268.7535914341922,1
234.57362516971935,1
172.29338663425253,0
121.42055200519869,0
218.27207858017846,1
196.33094775036597,0
232.45391184199673,1
213.7323697211018,1
243.5677955029921,1
129.4630647676391,0
262.85237272567144,1
182.22717153785277,1
317.4187828290191,1
118.37847709755111,1
292.98939382789797,1
182.24957640931063,1
121.09790373975972,0
133.16021994808884,0
144.93499381000896,0
198.53994814093798,1
205.64415513855596,0
126.69359971642231,0
166.24646935720924,1
322.2434658200542,1
292.38310824725124,1
199.4153042165303,1
170.73625042811042,1
176.64225552371482,1
212.17329403659,1
94.3589353057148,0
149.46888930551916,0
47.86194668081356,0
196.7440648275801,1
214.59810765859737,1
133.21057471444507,0
281.3270469568824,1
79.74487226383143,0
62.56500862489294,0
184.160530936318,1
243.3910777880751,1
289.2427937849666,1
134.96033307343632,0
245.66502000705327,1
165.22739019594908,0
155.57083440426098,0
231.62351549904042,1
214.9672472457662,1
54.49976469713404,0
274.3109051802645,1
267.3665774986165,1
122.95948549131388,0
196.49785440749343,1
203.57017341235718,1
186.7685111393213,1
128.37802892312976,0
119.64311750846028,0
166.16010688861593,1
252.43648938667425,1
207.13921113079914,1
141.31576808980037,0
223.56230716668082,1
0.0,0
250.71113042679144,1
42.740607927976825,1
141.90425221897448,0
87.38376758691764,0
74.78293374809479,0
251.57952869125342,1
134.32551350554382,0
192.94827948461153,1
164.62171832069873,1
202.34693956006475,0
173.53117615633838,1
75.62455985842298,0
239.7312110001941,1
132.4495260123855,0
55.92610329649793,0
137.1757084104543,1
276.05470492567036,1
229.2159654321715,1
142.89704632263414,1
142.85344528907314,0
144.84227631234845,0
317.52585481638056,0
195.49935256067184,0
198.962998597757,1
242.18040869029264,1
185.19281944990897,0
149.34896550090937,0
153.86281086588156,1
162.84470932218738,0
165.3199989712914,1
220.38932714186257,1
171.74010377812556,0
220.75008555952172,1
162.18840623218207,1
173.6617337027585,1
24.129550713688246,0
233.97559257857867,1
192.94717026465548,1
239.85672790989497,1
0.0,0
318.36297874421234,1
157.9495467728275,1
247.78916280510117,1
93.12677324696178,0
212.11972116450502,1
92.15407945149676,0
123.08863482990203,0
305.81025747840863,1
154.27086714503903,1
183.65516686894006,1
230.6448766095903,1
203.68909593402753,1
178.8301611703375,1
194.27719217756822,1
341.0459221371558,1
163.85144661358186,1
182.47913136347765,1
243.64711651254805,1
247.59786717297484,1
253.46618200034737,1
213.9885759861013,0
85.70364628340519,0
285.60707032567893,1
85.46313170265447,0
189.7897534972104,1
113.69213879860624,0
163.38203904530454,1
191.6708935418506,1
191.13771951241966,1
198.3782943049405,1
284.1872113722226,1
200.65446970900655,1
150.4207222590733,1
237.41427611676173,1
253.6418752025741,1
79.61223731013655,1
211.0128050291898,1
218.48443744638467,0
146.5754277580806,0
267.0508905584366,1
157.1959977336581,1
177.04150464995104,1
155.5388286515614,1
169.12169142586566,1
89.06819374354546,0
64.31633645321081,0
282.80436455219797,1
107.0187829210804,0
96.61975083914588,0
12.955911820532549,0
121.99475416635585,0
72.73753487466013,0
286.22509152981854,0
240.70683043266968,1
118.4531751472039,1
330.1753779847902,1
238.6871150633948,1
144.61214038737918,0
0.0,0
332.9478652265334,1
67.95078239302109,0
49.531290219103795,0
241.6250711046941,1
343.66217325642765,1
267.6676429327573,1
208.6014566437699,1
210.82231259990058,1
229.44592023218215,1
222.64285846464708,1
188.24578252579505,1
175.5024794845351,1
163.49329479123438,1
113.71454960159932,0
147.79139446559228,0
46.10710937793225,0
160.91954687077802,1
96.82144028513395,0
88.54156916046449,0
180.95237888305044,1
268.22416461681115,1
234.11879563216655,1
54.923956539131254,0
96.7467741669357,0
235.73552553515154,1
97.2609076652417,0
151.82641320021423,1
207.60375112976774,1
98.27919924981826,0
175.58703644250912,1
71.95016436588928,0
124.70152963551261,0
191.02429925826266,0
53.30445118571981,1
199.7141811331487,1
166.58607847727896,1
207.77927671803462,1
184.12181765265564,1
266.21811095811677,1
177.01616419064933,1
137.08280103898178,0
176.80542021832443,1
207.11745809061992,1
171.51792506345072,1
170.92260176667952,1
117.45659847791362,0
120.27113393633174,0
67.01242043042207,0
293.96952550945963,1
78.44184705182748,1
118.11082575869467,0
116.27467687901779,0
232.43455513999976,1
146.763623162974,0
257.83742923250884,1
119.50867505444147,0
188.08757968011375,1
107.85501216529747,0
322.45073719968394,0
82.49291382987508,0
190.30709113634597,1
213.6319354271111,1
197.79353501650786,0
154.659288560805,1
158.6529096191933,1
171.1544259824959,1
157.41585588274882,1
237.3992964092335,1
327.1576561145773,1
127.86059147943598,1
69.3741854703064,0
161.64369251870966,1
353.73907231111093,1
110.13543110617938,0
286.01640999197286,0
288.7944586135037,1
128.1416465970244,0
208.9667817013398,1
285.2445568652547,1
140.70280264890093,0
153.34221407262996,1
126.11897419569766,0
94.93751539011359,1
121.2520167552475,0
79.87630079311754,0
170.45400971466427,1
112.56192736377778,1
184.83258564893384,1
55.975513473338836,0
191.82337671944092,1
228.01408523584257,1
24.4510337348552,0
194.9320730290252,1
256.39216745807704,1
80.90584665423322,0
288.42521185231465,1
198.16936867435527,1
117.23914638539456,0
163.98462640864517,1
208.199537701564,1
173.47238818169362,1
206.79043145613858,1
101.71150129828563,0
180.1939793305976,1
66.21255622284143,0
159.99172358289357,1
102.91864981453514,0
115.04184413353681,0
256.9987086151515,1
246.57432868278738,1
211.85794470531675,1
89.35348094357431,0
145.21859162197427,1
255.3430343985012,1
178.20361778207314,1
334.991726878682,1
196.31888443639477,0
181.82753638728227,1
145.7436145774199,0
177.61494514432434,1
157.02217178060084,1
218.98382472157851,1
236.88256680921006,1
111.40875884342763,0
72.15122734383998,0
35.793213136562656,0
204.57537553770314,1
88.5576043554811,0
12.991877307421248,0
195.97765952622942,1
347.4959652551609,1
167.5628943691277,0
228.3713357605182,1
173.89171381542468,0
160.87994497023772,1
234.17350677511934,1
147.1002328184171,0
187.25224661317702,1
191.16224204611296,1
119.89748733770048,0
239.42704916662964,1
155.40289751793057,1
113.58634851651519,0
206.62870873706905,1
103.31030531104531,0
170.02904333057722,1
167.34343224161734,1
246.1844807398736,1
202.1782727673566,1
166.19805897034965,1
226.8791735424207,1
268.09494352924656,1
208.1623420573341,1
168.7453886287234,1
73.54779127078851,1
91.31181625857317,0
146.02382128646394,0
124.11512144453161,0
154.53806618504788,1
172.07879459259172,1
206.1378783136846,1
162.92408797974542,1
203.02811835548653,1
172.64215786632866,1
25.766407222521252,0
100.36785164504968,0
157.62569598804367,1
80.90197851544025,0
211.19486855972673,1
278.2140599287462,0
255.7508533222068,1
152.63211329302501,1
275.33228185319655,1
178.70405691855203,1
143.72981007950116,0
123.83500822505233,0
146.22218257285476,0
140.05126906503153,0
180.2699680110351,1
179.56132663559026,1
168.21931345104585,1
199.45954822173718,1
253.72653178461658,0
236.3678977517753,1
61.08734627160695,0
0.0,0
235.27103360922771,1
69.58473371408968,0
151.81689106372679,1
83.75186212372611,0
38.257408494238575,1
206.98531643074475,0
222.65917154179056,1
126.4912511476762,0
0.0,0
128.67039972582126,1
196.20988838898336,1
61.51836704826273,0
181.2019142240992,1
166.89769085954433,1
209.70898797127836,1
176.60978652581903,1
97.939036256528,0
254.15314811984337,1
156.58587074205815,1
166.03407315528491,1
100.80470694672988,0
136.08367791421125,0
104.29420459006313,0
155.54788368551354,1
291.2430105702487,0
69.22311770894234,0
51.823579352874646,0
273.9242635795398,1
152.92869524506563,1
119.82676281648601,1
242.87313749251751,1
124.39568113894578,0
299.4726993753794,1
216.8106627364274,1
132.87037861350942,0
323.32619135511624,1
124.38852554375964,0
221.43086678467012,1
189.54906578926742,1
261.72537283671346,1
280.4288061643334,1
170.3042987327352,1
113.7539133350748,0
201.11799429161638,1
119.20449337784837,0
312.96388182191686,1
177.8305438379571,1
141.69684830552816,0
181.2969820222734,1
71.00690715386185,0
98.04378922723309,0
254.42980137199862,1
120.70361191405951,0
92.62240924690035,1
206.6389981819646,1
253.37069913573578,1
219.7646383678848,1
239.71543337801876,1
113.51075362299883,0
65.62963199458724,1
276.096022940795,1
144.7670516033662,0
149.9400228152366,0
263.6299782131322,1
208.0485606768475,1
200.82391958987574,1
323.88016883287804,1
121.6666874126297,0
234.80448922184908,1
172.10494499259008,1
187.3386440781545,1
278.0497267017023,1
204.5641744528529,1
206.75731769157358,1
245.22052828630575,1
141.72340347291225,0
107.57690395159153,0
92.77373803048559,0
26.42232556492786,0
316.04691335570317,1
88.56899766803882,0
152.0697391018244,0
148.0694424079977,0
190.13328224225526,1
226.73307930282937,0
229.95409116190166,1
126.01842442303644,0
155.96723660737837,1
188.34575643515757,1
150.09423891478463,1
283.72888147343946,1
203.3501965179541,1
220.91120059558685,1
215.72745134405372,1
252.4901177389434,1
181.0335522266669,1
74.62809974717905,0
196.77753252619019,1
121.1023036469883,0
129.9395989140175,1
210.21820935036672,0
257.1563811432218,1
169.53155352499644,1
190.2359769071254,1
290.55947601373714,1
185.3342289231769,1
355.32118422098847,1
208.71669448547118,1
41.22508134078113,0
222.24059671952634,1
195.44340371156,1
260.8621982939577,1
216.469057291437,0
158.0311691531683,1
79.85052698716567,0
152.95032547540617,1
106.76252729693039,0
126.20231161405997,0
210.3776451182839,1
288.23312431330123,1
196.41635014725463,1
81.89641953346673,0
200.0113921118501,1
254.15746703848689,1
124.09563088900448,0
158.35076399954994,1
169.0575500205022,1
111.48732145807872,0
214.67619123675786,1
159.29173330023974,1
198.206335961306,1
104.10056319824879,0
136.50300237671445,0
220.01145776359954,1
141.15601304939278,0
292.3413972888052,1
139.22619463574864,0
184.1773002541358,1
235.14653989486249,1
65.87766722882172,0
41.22176553738413,0
58.15274535095318,0
258.90605544675714,1
128.26621349574384,0
352.19034856811413,1
127.37417289666803,0
181.28769383018667,1
279.031916584887,1
312.43868794745686,0
316.4282575178206,1
255.00236860270627,1
241.73250185842528,1
210.6619403424852,1
224.04199748399793,1
128.31462842434559,0
109.08968039359388,1
167.75703906641147,0
155.74670717820516,1
135.36758044843617,0
218.1398962168835,1
236.78197501707677,1
174.365295813013,1
274.38216583597887,1
85.79838378238763,0
154.0565189318603,0
116.38879291659805,0
33.609363570739674,0
162.04699061932564,1
159.2341793964036,1
276.9683815134334,1
213.41844128794398,1
94.25854864829725,1
301.49466477606154,1
255.9144260778254,1
209.91103464974034,1
151.6931448828121,1
98.92037495590945,0
141.20111212288418,0
246.3899006187014,1
303.69021402729186,1
279.1135340355976,1
132.80284163138828,0
87.38754480319119,0
178.1438097776067,1
40.67236567947468,0
191.26807542130427,1
157.37261378649586,1
134.44537186548655,0
53.181379156790726,0
204.9792076730196,1
129.64553954434237,0
83.76598782885927,0
0.0,0
166.01892683635418,1
295.60211496022157,1
287.61066344744665,1
135.08906952578843,0
124.6407316539518,0
201.75174643740172,1
96.11624837844302,0
189.72901678700154,1
223.1577800436977,1
256.33919211967014,1
160.7889064934434,0
153.33548998725846,1
104.7852537535276,0
108.46461450913009,0
151.69351978309007,1
194.4503164907648,1
233.77809308879395,1
110.17111555101516,0
275.47357696508556,1
148.47910072493505,0
166.4615548069126,1
114.20075910135671,1
0.0,1
231.65126853799558,1
221.0527605906552,1
147.74441588748863,0
172.8233316401908,1
205.14762367469515,1
55.49669830416893,0
129.90820723106677,0
225.18705693277155,1
77.69116153181405,0
189.1361711159973,0
70.32611006711484,1
201.5829587352139,1
165.43381327458118,0
51.71050925480331,0
251.86123352091636,1
115.10940647054045,0
109.66182453496457,0
182.4409822006279,0
250.7018891588675,1
94.86082903355542,0
172.44094918905395,1
198.87478802380124,1
217.90360372294637,1
180.70379197996022,0
141.5739955860008,0
108.41350411329219,0
174.20235957933897,1
90.8059911370363,0
0.0,0
199.4323058993521,1
233.08330855820606,1
0.0,0
95.2993892608845,0
212.57910679237423,1
316.1396738192423,1
169.49714695262938,1
115.58378823150233,0
154.8314562404515,1
266.9911021786693,1
121.49057910303347,0
110.45817552118174,0
133.24246640289368,0
99.36034020537271,0
176.83226275162528,1
284.97684900980835,1
191.2617076643541,1
149.83054784690728,0
146.98958863808082,0
55.450261773840694,0
231.58390395459546,0
162.39572181507825,1
155.00544622147495,1
397.90374488482996,1
189.5102094023294,1
113.87104439314673,1
137.3022530732009,0
250.68809106216634,1
176.15546955871903,1
64.4439855611496,1
234.18448328941466,1
119.89362584119243,0
302.8774398876633,1
245.7634607314547,1
135.79282351256992,0
260.23317804492814,1
172.88559675797305,1
229.3997046087998,1
202.90076284520217,0
107.06232084065711,0
121.66441207314273,0
242.1571788658436,1
143.89617608832907,0
138.93731064657624,0
99.23117428684658,0
198.4991327227292,0
316.50179418550647,0
91.13763017369236,0
169.74380088043858,1
269.6798799899109,1
162.26581983030852,1
200.57076932998083,0
91.50766597342466,0
198.8381109989507,0
154.52561291967248,1
238.97255968895013,0
253.49179571266208,0
354.4485822253402,1
209.73358847137746,1
191.45733479391598,1
181.9956697135682,0
142.57202691763044,0
192.37083672924177,1
146.7310984699899,1
180.12919029141221,1
262.8670225637731,1
95.52893529986584,0
250.07125640129127,1
262.8322848484703,1
159.49906605664233,1
15.226447271381176,0
124.23681692920087,1
261.38360735239985,1
166.3534995144805,1
96.05023927476643,0
131.65620567156833,0
228.52464190832782,1
207.36481691049931,1
150.796888859782,1
141.5886423493425,0
139.79341326884483,0
101.58646671610782,0
284.30704964179984,1
144.79292621678354,0
255.63541349943574,1
277.5347557384165,1
239.87838466665315,1
136.9233374843005,0
197.0685665042359,1
166.25791633985403,1
102.93346602743077,0
191.35386828395542,1
83.10913503649422,0
253.5129159692326,1
134.5475545945157,0
182.48349522284443,1
188.39672675132223,1
149.35884189330642,1
210.2419537062198,1
133.80693672317824,1
230.73340541692158,1
71.0894630222341,0
177.09932972734165,1
307.6028879321965,1
95.97614462839861,0
119.2023621222107,0
205.0013651754419,0
180.92988829965105,0
193.24536714769627,1
203.22147337063177,1
213.69994573644743,1
247.89838862084807,0
197.5069432988529,0
150.62944886746493,1
216.42530648659664,1
304.7914993124555,1
158.4503702604547,1
97.83389006371381,0
247.70980818866204,1
159.3325561953409,1
11.567792686989407,0
229.01436075483036,0
129.45637061131757,0
161.48160367410043,0
191.90258380096904,1
181.71597694409277,1
219.08053083401086,1
136.64498131897128,0
204.94361746867796,1
149.31263921395797,0
221.1943546239002,1
212.30645884893985,1
100.64841345278913,0
246.19071236460232,1
129.41063195178856,1
226.18016147624246,1
194.44468656489653,1
300.3492247292488,1
151.91044926922666,0
142.84919067948977,1
166.60178837608325,1
146.17105563593216,0
225.5958169398276,1
51.625636192565665,0
92.13486582146251,0
91.11818964629809,0
236.42214662209744,1
291.16416282589864,1
160.47965626530205,1
155.84483593031922,1
173.04375574414905,1
251.6552377877897,1
101.23057433827867,0
185.16256675690454,1
238.21422934433494,1
204.07878023566886,1
181.64987639510952,1
240.07531866483416,1
0.0,0
216.80702300622534,1
120.9065508148255,0
36.194431426335115,0
204.80658716579862,1
266.90341525173295,1
158.1037069468062,1
236.6069673986116,1
284.0840345751825,1
262.6738406580514,1
286.07744611474027,0
221.43317935717624,1
173.4312220009147,1
52.658461543403874,0
150.2835008546437,1
107.2862451372342,0
324.3078756598426,1
155.33622150487176,1
176.87074608848297,1
207.70694707491367,1
171.13937613881666,1
290.04367491101425,1
123.16924595511946,0
182.01173677708147,1
114.54211782974053,0
72.95837919210918,0
123.95262545481944,0
165.33335061251432,1
137.09023983475728,1
118.14568944908237,0
66.74514261562797,0
162.01639877073399,1
59.66013306976784,0
222.7240293856514,1
173.93566221128424,1
63.056292038525,1
145.73694645240982,0
113.84473879747802,0
190.980564750181,1
264.5124321136664,1
32.9875821855064,0
176.28187769861404,1
156.4704387192019,1
216.33648550443354,1
183.3501572331136,1
113.85820811480502,0
145.0281166320035,0
110.68613831014879,0
245.47251397909906,1
169.53443870437985,1
304.88572937421657,1
163.63242140534732,1
116.99471278244668,0
59.01256373187644,0
38.17394330957197,0
53.94221210360473,0
187.23311887282682,1
204.62820167255524,0
54.154269453686396,0
232.4427586134803,1
133.21960427879236,0
178.56909686295955,1
284.07988523439053,1
232.5724307423183,1
148.66579335078006,0
103.8341597700993,0
13.069291104290045,0
116.22096101454575,1
152.798622804406,1
96.92307404511476,0
158.54949836935407,1
173.5333355730313,1
151.81036930981836,1
121.1998141807109,0
180.1431363816044,1
199.81972676899744,0
89.49126642411508,0
269.58713134173144,1
160.90165447553315,1
169.35717285202904,1
218.99143847447212,1
184.79156145097213,0
236.62583764175366,1
188.67293989453134,1
123.90450902588847,0
194.02825381483933,1
85.65171307291236,0
175.81629881590968,1
165.60744067359883,1
153.01558627637715,1
158.745299176397,1
32.506868724169976,1
128.49180664265077,0
174.68483288216026,1
179.50966022381283,0
94.00738985333102,0
259.1309645422584,1
105.63541092855594,0
237.80091843792505,1
198.7579940547613,1
121.47163369124618,0
295.8223842678849,1
82.05814811353343,0
234.1791004999201,1
240.04192689909445,1
119.71534494648157,0
268.25750160463167,0
149.9966509488754,0
188.78594130814972,0
186.74317239152788,1
158.32977061412055,1
226.37819566750431,1
225.13118787975935,0
42.10569792685098,0
261.912497487227,1
48.30057686143145,0
242.34332671259932,1
249.12276985158599,1
89.45041702450573,0
138.4213712672699,1
88.38926386901262,1
152.52568581921105,1
145.82153153862663,0
224.13555832339247,0
262.3422297206118,1
268.4892343768768,1
127.52390208636226,0
152.936025090394,1
46.792450160091576,0
109.9773552122744,0
237.46931758301696,0
284.3219632954727,1
79.12688122464562,0
125.3425733409916,1
166.09878549895726,1
188.1716034350117,1
109.70854656564148,0
198.53239520141446,1
133.88356701089404,0
166.9594364967639,0
207.33246585626637,1
168.4624034263875,0
136.58021588208706,0
160.1080941173402,1
161.63786693721585,1
141.3592058484868,1
149.36668348796863,0
283.1025962763396,1
208.3862002517692,0
146.72541710190046,0
218.18071712477297,1
143.96499673756728,0
252.46497390623819,0
194.61423783826277,1
160.27424563169552,1
200.23561865834,1
54.896917051068044,0
86.87274223849403,0
82.03739953926801,0
178.29190282298688,1
292.7410799629266,1
328.6536105258695,1
213.93967930373452,0
204.0608021960009,0
38.32384314100278,0
128.92748641915043,0
111.27956986260679,0
123.29897292591966,0
155.89364506189514,1
134.00947840580682,0
25.49041365294329,0
221.84953844046242,1
90.76250214673394,0
185.22577421600278,1
317.33395222199806,1
101.80430940577752,0
0.0,0
147.40769602463203,0
247.2690937198971,1
309.0010167038828,1
79.47242919942599,0
203.76234407302957,1
134.49764711183616,0
160.37171849010224,1
358.3927209852265,1
59.78613635554896,0
186.26925562760928,1
201.67390836711118,1
246.176615395633,1
175.05478704990446,1
190.17963884429537,1
139.80130314563104,1
187.37713976964773,0
143.29015616418644,0
212.75317606963566,1
141.38805580485837,0
195.15122836095742,1
165.89307741468156,0
249.07561805559612,1
164.29965190162898,1
40.341662289104534,0
258.8583480514074,0
102.78727433789143,0
120.92882361728496,1
125.11238682886857,0
266.95954270829884,1
14.23145659353392,0
393.91789442351956,1
244.03609025275574,1
184.0732018172995,1
164.04763195562737,1
188.5598933897513,1
205.52081484331237,0
214.4555221884041,1
208.0035215522483,1
174.44980905037792,1
153.79163373787253,1
157.10832357694716,1
153.96660381460697,1
249.63144697442863,1
210.73608400422205,1
0.0,0
215.2248559101428,1
182.02100601975178,1
166.65296953589538,1
140.02667137760022,1
248.93611583899298,1
236.22190527284576,1
112.35280791670014,0
197.30776467296653,1
98.0407151130274,0
68.66749213519701,0
122.8763598295225,0
230.09233001155863,0
236.62500326707823,1
204.9421502470051,1
220.2068966530558,0
205.164836672277,1
121.81332514394744,0
199.0984232165237,1
225.62948581639313,1
222.30897574657735,0
253.6017627461743,1
218.99787699847658,1
193.30427094299398,0
245.05081715878276,1
166.09046933406768,1
104.50502511160431,0
156.259178596049,1
114.36700957393566,0
